<?xml version="1.0" encoding="UTF-8"?>
<uptime xmlns:xsi="http://www.w3.org/2001/XMLSchema-instance" version="5.0" target_grouping="other">
    <class>uptime api monitor status</class>
    <exec>com.uptimesoftware.uptime.erdc.MonitorCustomScriptRunner</exec>
    <erdc_version>0.1</erdc_version>
    <category>Advanced and Script Monitors</category>
    <grid_info>
        <supported_versions>7.3, 7.5, 7.6</supported_versions>
        <supported_platforms>windows, linux</supported_platforms>
        <upgrade_in_place>true</upgrade_in_place>
        <requires_agent_scripts>false</requires_agent_scripts>
    </grid_info>
    <elements>
        <element name="process_linux" parameter_type="input" data_type="string" gui_basic="1" range_type="0" hidden="true">
            <control_options> size:40 </control_options>
            <default_value>plugins/scripts/uptime-api-monitor-status/api-monitor.sh</default_value>
            <short_description>Script Name</short_description>
            <long_description>Name of the script/binary/process to be executed by up.time </long_description>
            <validation_rule>
                <alphanumeric/>
            </validation_rule>
            <error_message>
                <alphanumeric>required field</alphanumeric>
            </error_message>
            <gui_type>
                <string/>
            </gui_type>
        </element>
        <element name="process_windows" parameter_type="input" data_type="string" gui_basic="1" range_type="0" hidden="true">
            <control_options> size:40 </control_options>
            <default_value>plugins/scripts/uptime-api-monitor-status/api-monitor.bat</default_value>
            <short_description>Script Name</short_description>
            <long_description>Name of the script/binary/process to be executed by up.time </long_description>
            <validation_rule>
                <alphanumeric/>
            </validation_rule>
            <error_message>
                <alphanumeric>required field</alphanumeric>
            </error_message>
            <gui_type>
                <string/>
            </gui_type>
        </element>
        <element name="api_port" parameter_type="input" data_type="integer" gui_basic="1" range_type="0">
            <control_options>width:10em</control_options>
            <default_value>9997</default_value>
            <short_description> up.time API Port </short_description>
            <long_description> The port that up.time Jetty is listening on (default: 9996) </long_description>
            <validation_rule>
                <integer/>
            </validation_rule>
            <error_message>
                <integer> The port must be an integer value </integer>
            </error_message>
            <gui_type>
                <integer/>
            </gui_type>
        </element>
        <element name="api_username" parameter_type="input" data_type="string" gui_basic="1" range_type="0">
            <control_options>width:10em</control_options>
            <short_description> username </short_description>
            <long_description> Up.time API Username </long_description>
            <validation_rule>
                <string/>
            </validation_rule>
            <error_message>
                <alphanumeric>required field</alphanumeric>
            </error_message>
            <gui_type>
                <string/>
            </gui_type>
        </element>
        <element name="api_password" parameter_type="input" data_type="string" gui_basic="1" range_type="0">
            <control_options>width:10em</control_options>
            <short_description> password </short_description>
            <long_description> Up.time API Username </long_description>
            <validation_rule>
                <string/>
            </validation_rule>
            <error_message>
                <alphanumeric>required field</alphanumeric>
            </error_message>
            <gui_type>
                <password/>
            </gui_type>
        </element>
        <element name="monitor_id" parameter_type="input" data_type="integer" gui_basic="1" range_type="0">
            <control_options>width:10em</control_options>
            <short_description> Monitor ID </short_description>
            <long_description> Monitor ID from Remote Instance </long_description>
            <validation_rule>
            </validation_rule>
            <error_message>    
            </error_message>
            <gui_type>
                <integer/>
            </gui_type>
        </element>
        <element name="mirror_mode" parameter_type="input" data_type="integer" gui_basic="1" range_type="0">
            <control_options>width:10em</control_options>
            <short_description> Mirror Mode </short_description>
            <long_description> Status will mirror the remote Service Mintor</long_description>
            <validation_rule>
            </validation_rule>
            <error_message>    
            </error_message>
            <gui_type>
                <single_select type="dropdown">
                    <value>off</value>
                    <value>on</value>
                </single_select>
            </gui_type>
        </element>
        <element name="STATUS" parameter_type="output" data_type="string" gui_basic="1" range_type="0">
            <control_options>width:10em</control_options>
            <short_description>Monitor Status</short_description>
            <long_description> Status of service monitor </long_description>
            <validation_rule/>  
            <error_message/>
            <gui_type>
                <string/>
            </gui_type>
        </element>
        <element name="msg" parameter_type="output" data_type="string" gui_basic="1" range_type="0">
            <control_options>width:10em</control_options>
            <short_description>Montior MSG</short_description>
            <long_description> Message from service monitor </long_description>
            <validation_rule/>  
            <error_message/>
            <gui_type>
                <string/>
            </gui_type>
        </element>
        <element name="monitor_name" parameter_type="output" data_type="string" gui_basic="1" range_type="0">
            <control_options>width:10em</control_options>
            <short_description>Monitor Name</short_description>
            <long_description>Service Monitor Name</long_description>
            <validation_rule/>  
            <error_message/>
            <gui_type>
                <string/>
            </gui_type>
        </element>
        <element name="element_name" parameter_type="output" data_type="string" gui_basic="1" range_type="0">
            <control_options>width:10em</control_options>
            <short_description>Element Name</short_description>
            <long_description>Name of Element where Monitor is running</long_description>
            <validation_rule/>  
            <error_message/>
            <gui_type>
                <string/>
            </gui_type>
        </element>
        <element name="timer" parameter_type="output" data_type="integer" gui_basic="0"
            range_type="0" units="ms">
            <control_options>size:8</control_options>
            <default_value/>
            <short_description>Response time</short_description>
            <long_description>Response time in ms</long_description>
            <validation_rule/>
            <error_message/>
            <gui_type>
                <integer/>
            </gui_type>
        </element>
    </elements>
    <help>Check the Status and Details of another Service Monitor via the uptime api</help>
</uptime>
